"GEOID","totalE","ownerE","renterE"
"42017100102",1342,414,928
"42017100103",1001,574,427
"42017100104",1969,580,1389
"42017100105",1243,970,273
"42017100201",1830,1726,104
"42017100206",2111,1190,921
"42017100207",2065,1088,977
"42017100208",2598,1082,1516
"42017100210",2516,2399,117
"42017100211",3027,1771,1256
"42017100212",1260,1208,52
"42017100213",2019,906,1113
"42017100214",1419,550,869
"42017100302",1810,1609,201
"42017100303",1869,1241,628
"42017100304",1334,588,746
"42017100306",1663,807,856
"42017100307",2065,1297,768
"42017100401",2237,1669,568
"42017100402",2246,1843,403
"42017100403",905,729,176
"42017100404",2147,1739,408
"42017100406",1661,1070,591
"42017100407",497,488,9
"42017100408",2243,2160,83
"42017100500",1145,878,267
"42017100600",1606,908,698
"42017100700",1395,785,610
"42017100803",1771,1530,241
"42017100804",1078,1033,45
"42017100805",2182,1939,243
"42017100807",1648,1133,515
"42017100808",1831,1361,470
"42017100809",2181,1797,384
"42017100811",2043,647,1396
"42017100900",2534,2393,141
"42017101100",1015,449,566
"42017101401",1914,1690,224
"42017101403",2336,2254,82
"42017101404",1105,980,125
"42017101405",2464,1505,959
"42017101503",1662,1469,193
"42017101504",1276,801,475
"42017101505",1201,1182,19
"42017101506",2107,1819,288
"42017101603",1135,759,376
"42017101605",2128,415,1713
"42017101607",2054,1586,468
"42017101609",1537,1396,141
"42017101610",1643,1523,120
"42017101611",2649,2338,311
"42017101802",2048,1919,129
"42017101805",795,713,82
"42017101807",1497,1005,492
"42017101808",1434,693,741
"42017101809",1331,1331,0
"42017101810",2282,1961,321
"42017101900",1688,1406,282
"42017102002",968,909,59
"42017102003",1430,1254,176
"42017102004",2061,1554,507
"42017102102",1286,1135,151
"42017102104",2212,1874,338
"42017102300",2226,1870,356
"42017102401",1572,972,600
"42017102402",1923,1460,463
"42017102500",1944,1292,652
"42017102600",963,517,446
"42017102700",2147,1699,448
"42017102801",1373,1306,67
"42017103101",914,445,469
"42017103102",713,420,293
"42017103103",1883,1075,808
"42017103300",901,828,73
"42017103400",2250,1892,358
"42017103700",1344,1066,278
"42017103800",608,547,61
"42017103900",1738,1560,178
"42017104000",2578,2386,192
"42017104100",966,586,380
"42017104201",1079,1065,14
"42017104203",1864,1610,254
"42017104204",2049,1828,221
"42017104301",1138,1037,101
"42017104303",1929,1735,194
"42017104304",608,551,57
"42017104400",1356,847,509
"42017104502",3087,2944,143
"42017104503",1481,1352,129
"42017104505",1896,1880,16
"42017104506",947,899,48
"42017104601",1595,1581,14
"42017104603",2151,1732,419
"42017104604",2560,1911,649
"42017104701",1706,708,998
"42017104702",1380,608,772
"42017104703",903,759,144
"42017104800",784,730,54
"42017104901",2286,2185,101
"42017104902",3079,2961,118
"42017105003",1880,1837,43
"42017105004",2015,1920,95
"42017105006",1794,1759,35
"42017105008",1472,1445,27
"42017105009",1245,895,350
"42017105010",1460,1255,205
"42017105011",1332,1172,160
"42017105012",926,905,21
"42017105013",2038,1998,40
"42017105100",1157,938,219
"42017105202",2028,1452,576
"42017105203",801,721,80
"42017105206",2254,1999,255
"42017105207",1964,1679,285
"42017105208",785,771,14
"42017105300",936,706,230
"42017105401",1750,1612,138
"42017105402",1661,1582,79
"42017105505",1480,1315,165
"42017105506",1331,1320,11
"42017105507",2684,2616,68
"42017105508",1134,1126,8
"42017105509",1650,1569,81
"42017105510",2827,1671,1156
"42017105511",1429,1374,55
"42017105600",1153,832,321
"42017105702",1322,721,601
"42017105704",2954,2201,753
"42017105801",2355,1461,894
"42017105805",2501,1846,655
"42017105807",1542,687,855
"42017105808",1356,1203,153
"42017105809",1452,1336,116
"42017105810",865,772,93
"42017105811",2109,1805,304
"42017105812",586,543,43
"42017105900",913,463,450
"42017106000",1683,990,693
"42017106100",880,543,337
"42017106201",1376,1142,234
"42017106202",1880,837,1043
"42017106300",2711,2266,445
"42017106401",2996,2690,306
"42017106402",2873,2648,225
"42017106500",2796,2300,496
"42017106600",828,677,151
"42029300101",1160,892,268
"42029300103",1234,778,456
"42029300104",2113,1830,283
"42029300106",2295,1501,794
"42029300107",1511,1355,156
"42029300108",2653,1579,1074
"42029300109",1216,1160,56
"42029300201",2074,1386,688
"42029300202",1834,1816,18
"42029300301",1648,1506,142
"42029300302",1419,1383,36
"42029300303",1281,1132,149
"42029300400",1588,885,703
"42029300501",1727,1556,171
"42029300502",1351,1188,163
"42029300600",2632,1530,1102
"42029300700",2540,1102,1438
"42029300800",2181,773,1408
"42029300900",1021,798,223
"42029301001",2152,1973,179
"42029301002",1262,1020,242
"42029301100",1903,1001,902
"42029301300",2738,2232,506
"42029301401",1454,755,699
"42029301402",1921,1717,204
"42029301500",1016,941,75
"42029301600",1053,936,117
"42029301700",608,527,81
"42029301800",2383,2002,381
"42029301900",1394,1321,73
"42029302000",2123,1894,229
"42029302102",1449,872,577
"42029302103",1557,908,649
"42029302104",2123,1298,825
"42029302203",1802,1692,110
"42029302204",2354,1842,512
"42029302205",1033,607,426
"42029302206",2259,996,1263
"42029302207",203,0,203
"42029302300",1623,476,1147
"42029302400",1975,660,1315
"42029302500",1527,641,886
"42029302600",1871,525,1346
"42029302702",2157,1123,1034
"42029302703",1697,1480,217
"42029302704",1786,1697,89
"42029302705",1330,811,519
"42029302706",2067,1262,805
"42029302802",1851,1552,299
"42029302803",1437,1311,126
"42029302804",1773,1179,594
"42029302806",1855,1212,643
"42029302807",2004,943,1061
"42029302901",1939,1490,449
"42029302902",2282,1924,358
"42029303000",1220,877,343
"42029303100",1437,1418,19
"42029303301",1344,894,450
"42029303302",2105,1723,382
"42029303401",1486,842,644
"42029303402",747,417,330
"42029303501",1640,1552,88
"42029303502",1162,1009,153
"42029303801",1667,1571,96
"42029303803",1459,1407,52
"42029303804",1848,1797,51
"42029303901",1442,1364,78
"42029303902",2143,1730,413
"42029304000",2582,1513,1069
"42029304101",2140,954,1186
"42029304102",1253,842,411
"42029304201",2898,2221,677
"42029304300",3380,3136,244
"42029304403",1621,1348,273
"42029304404",2379,1202,1177
"42029304405",2119,2084,35
"42029304406",1536,962,574
"42029304502",986,979,7
"42029304503",1637,1486,151
"42029304504",1396,1250,146
"42029304600",1177,1048,129
"42029304900",2773,2016,757
"42029305000",702,539,163
"42029305101",1837,1568,269
"42029305102",1573,1439,134
"42029305300",2737,2240,497
"42029305400",1560,459,1101
"42029305500",1254,425,829
"42029305600",990,307,683
"42029305700",845,500,345
"42029306000",2753,2515,238
"42029306300",964,722,242
"42029306501",1576,1352,224
"42029306503",896,558,338
"42029306504",1520,1287,233
"42029306600",1057,980,77
"42029306700",1607,1564,43
"42029306800",580,563,17
"42029306900",2000,1829,171
"42029307000",2073,1534,539
"42029307100",972,915,57
"42029307200",417,375,42
"42029307300",1453,1172,281
"42029307400",1472,974,498
"42029307700",852,724,128
"42029307800",885,761,124
"42029307900",1056,936,120
"42029308000",2119,814,1305
"42029308101",1346,1260,86
"42029308102",1467,1231,236
"42029308200",1088,911,177
"42029311000",2400,2039,361
"42029311100",1377,1128,249
"42029311200",879,597,282
"42029311300",1002,966,36
"42029311401",2762,1812,950
"42029311403",1518,1359,159
"42029311404",1406,1344,62
"42029311500",1388,1141,247
"42029311600",878,459,419
"42029311701",943,852,91
"42029311702",2197,1996,201
"42029311800",1205,994,211
"42045400301",2914,953,1961
"42045400302",1171,532,639
"42045400401",2204,1000,1204
"42045400402",1694,847,847
"42045400500",1625,855,770
"42045400600",2056,1363,693
"42045400700",1947,1244,703
"42045400801",1096,72,1024
"42045400802",1341,1013,328
"42045400900",543,524,19
"42045401000",715,493,222
"42045401101",1249,912,337
"42045401103",1202,1002,200
"42045401104",1832,1213,619
"42045401200",1475,1103,372
"42045401302",1162,808,354
"42045401303",1311,101,1210
"42045401401",790,630,160
"42045401402",1873,1020,853
"42045401502",1966,694,1272
"42045401503",1450,1239,211
"42045401600",807,452,355
"42045401700",1188,724,464
"42045401800",1525,1145,380
"42045401900",1993,1494,499
"42045402000",1340,721,619
"42045402100",2385,1442,943
"42045402200",950,502,448
"42045402300",1621,484,1137
"42045402400",1013,457,556
"42045402500",1334,664,670
"42045402600",1216,663,553
"42045402700",837,433,404
"42045402800",1992,1196,796
"42045402900",1322,745,577
"42045403001",1214,1066,148
"42045403002",986,646,340
"42045403101",1404,750,654
"42045403103",1182,857,325
"42045403104",809,351,458
"42045403200",1614,1320,294
"42045403300",2433,1717,716
"42045403401",1151,799,352
"42045403402",1295,979,316
"42045403501",1745,1234,511
"42045403502",1050,968,82
"42045403601",1654,948,706
"42045403602",687,637,50
"42045403701",719,526,193
"42045403702",1041,615,426
"42045403800",2567,1539,1028
"42045403901",1575,771,804
"42045403902",1494,1314,180
"42045404003",1038,453,585
"42045404004",2473,2138,335
"42045404101",2609,2066,543
"42045404102",2316,1367,949
"42045404103",1326,963,363
"42045404300",856,444,412
"42045404400",722,428,294
"42045404500",1991,558,1433
"42045404600",839,397,442
"42045404700",947,187,760
"42045404800",660,225,435
"42045404900",403,164,239
"42045405000",741,280,461
"42045405100",874,453,421
"42045405200",1275,404,871
"42045405300",1190,725,465
"42045405400",1167,447,720
"42045406100",765,560,205
"42045406201",1298,1210,88
"42045406202",2333,1937,396
"42045406300",1245,539,706
"42045406401",1029,707,322
"42045406402",652,161,491
"42045406500",724,558,166
"42045406600",862,285,577
"42045406700",1291,602,689
"42045406801",1536,1102,434
"42045406802",1659,1424,235
"42045406804",1942,1250,692
"42045406805",1588,952,636
"42045406902",2169,2055,114
"42045406903",2017,1746,271
"42045406904",1807,1497,310
"42045407000",1336,932,404
"42045407101",1568,1190,378
"42045407102",1254,1215,39
"42045407201",1929,1122,807
"42045407202",1296,922,374
"42045407401",1471,1180,291
"42045407404",1166,1134,32
"42045407501",1144,757,387
"42045407502",1795,412,1383
"42045407600",2151,1671,480
"42045407700",1271,725,546
"42045407801",1668,1622,46
"42045407802",2212,2057,155
"42045407803",1870,1748,122
"42045407804",1630,1584,46
"42045407805",641,529,112
"42045407806",587,507,80
"42045407901",1334,1271,63
"42045407902",1384,879,505
"42045407903",1440,851,589
"42045408001",1855,1808,47
"42045408002",1849,1573,276
"42045408101",1892,1685,207
"42045408102",1205,947,258
"42045408103",1511,1017,494
"42045408300",1343,1028,315
"42045408400",1060,661,399
"42045408500",1622,1452,170
"42045408600",1237,1072,165
"42045408700",1742,1515,227
"42045408800",1988,1701,287
"42045408900",1055,1010,45
"42045409000",1376,1210,166
"42045409100",1488,1337,151
"42045409200",1440,1383,57
"42045409300",924,818,106
"42045409400",988,914,74
"42045409500",1719,1618,101
"42045409601",1852,1044,808
"42045409602",1598,539,1059
"42045409701",1762,1665,97
"42045409803",2765,1590,1175
"42045409804",1773,1110,663
"42045409902",2485,1808,677
"42045409903",1665,1337,328
"42045409904",1827,1453,374
"42045410000",1699,1272,427
"42045410101",1347,1231,116
"42045410102",881,881,0
"42045410200",1373,1173,200
"42045410303",1892,1729,163
"42045410304",1471,1115,356
"42045410305",2784,1390,1394
"42045410306",536,528,8
"42045410401",747,747,0
"42045410402",1258,1225,33
"42045410403",1070,995,75
"42045410500",1611,850,761
"42045410601",1369,1081,288
"42045410602",1590,1359,231
"42045410700",1662,475,1187
"42045410800",3079,2772,307
"42045980100",162,162,0
"42045980300",31,0,31
"42091200103",1384,1320,64
"42091200104",1342,1281,61
"42091200105",1054,947,107
"42091200106",939,502,437
"42091200200",353,260,93
"42091200301",2858,1125,1733
"42091200305",912,777,135
"42091200306",1523,1010,513
"42091200307",1111,587,524
"42091200308",1894,1055,839
"42091200309",890,800,90
"42091200310",1197,953,244
"42091200401",1486,860,626
"42091200402",1602,879,723
"42091200501",1237,1208,29
"42091200502",2245,812,1433
"42091200505",2140,1541,599
"42091200506",1518,1345,173
"42091200507",2150,1847,303
"42091200602",3273,2809,464
"42091200603",1353,1237,116
"42091200605",2305,2220,85
"42091200606",1213,1004,209
"42091200607",1623,1556,67
"42091200703",1662,1248,414
"42091200704",1230,822,408
"42091200707",1860,801,1059
"42091200708",2140,1634,506
"42091200800",1407,629,778
"42091200901",1646,1035,611
"42091200902",543,277,266
"42091200903",1902,906,996
"42091200906",869,476,393
"42091200907",994,716,278
"42091200908",1180,638,542
"42091201003",2110,1521,589
"42091201004",2501,1563,938
"42091201005",1388,1341,47
"42091201006",958,925,33
"42091201100",1464,1069,395
"42091201201",2338,1802,536
"42091201203",1379,996,383
"42091201204",989,870,119
"42091201301",1392,705,687
"42091201302",1263,648,615
"42091201404",1989,1450,539
"42091201406",1763,1498,265
"42091201407",868,822,46
"42091201408",1661,1487,174
"42091201409",1395,1365,30
"42091201410",977,766,211
"42091201411",1025,813,212
"42091201501",1732,784,948
"42091201502",692,684,8
"42091201603",1705,1571,134
"42091201604",1292,1035,257
"42091201605",1149,1091,58
"42091201606",793,539,254
"42091201607",1228,1076,152
"42091201608",1906,1467,439
"42091201703",1092,992,100
"42091201704",1181,1086,95
"42091201705",1734,1351,383
"42091201706",2006,1577,429
"42091201800",1479,762,717
"42091201901",1854,1686,168
"42091201902",2283,1598,685
"42091202000",1076,750,326
"42091202100",1988,1320,668
"42091202201",1688,1282,406
"42091202202",932,905,27
"42091202301",1900,1410,490
"42091202302",1037,758,279
"42091202401",1878,0,1878
"42091202402",1772,1479,293
"42091202500",2394,1204,1190
"42091202602",989,626,363
"42091202603",1074,874,200
"42091202604",810,667,143
"42091203000",1253,971,282
"42091203103",1236,1158,78
"42091203104",1929,1489,440
"42091203105",2254,1943,311
"42091203106",1313,429,884
"42091203203",1719,1213,506
"42091203204",2808,2236,572
"42091203205",762,679,83
"42091203207",1162,1042,120
"42091203208",1226,1099,127
"42091203302",2492,2240,252
"42091203303",1912,1258,654
"42091203304",1764,922,842
"42091203401",3083,2010,1073
"42091203402",3253,2058,1195
"42091203403",1785,1336,449
"42091203500",2888,1214,1674
"42091203601",992,357,635
"42091203602",1444,999,445
"42091203701",416,230,186
"42091203801",1187,819,368
"42091203803",2188,652,1536
"42091203804",965,289,676
"42091203901",1075,323,752
"42091203902",1763,138,1625
"42091204002",1343,887,456
"42091204007",1037,474,563
"42091204008",1414,849,565
"42091204009",1015,622,393
"42091204010",1058,1040,18
"42091204101",1999,1363,636
"42091204103",1156,290,866
"42091204104",1178,653,525
"42091204200",702,537,165
"42091204300",1571,1025,546
"42091204400",1142,774,368
"42091204500",1462,1338,124
"42091204600",1649,1590,59
"42091204701",1141,823,318
"42091204702",1232,1070,162
"42091204800",1901,1631,270
"42091204900",1833,1636,197
"42091205000",797,500,297
"42091205100",688,315,373
"42091205200",1243,954,289
"42091205300",975,475,500
"42091205401",847,402,445
"42091205402",2115,1177,938
"42091205501",2076,1193,883
"42091205502",1445,1407,38
"42091205503",1990,1677,313
"42091205600",1952,1092,860
"42091205700",2000,966,1034
"42091205805",1265,888,377
"42091205806",814,473,341
"42091205807",1204,441,763
"42091205808",2077,1575,502
"42091205809",975,924,51
"42091205810",2138,793,1345
"42091205811",1542,123,1419
"42091205903",1026,901,125
"42091205904",1034,922,112
"42091205905",1722,736,986
"42091205906",919,654,265
"42091206004",1551,985,566
"42091206005",1627,1493,134
"42091206006",1652,901,751
"42091206007",2491,1827,664
"42091206104",1526,1145,381
"42091206105",1897,1857,40
"42091206106",1699,1470,229
"42091206107",2803,2248,555
"42091206108",889,792,97
"42091206201",1063,542,521
"42091206202",1048,356,692
"42091206300",1533,1124,409
"42091206400",1591,1190,401
"42091206501",1366,1296,70
"42091206502",1737,1448,289
"42091206600",620,405,215
"42091206703",1588,1446,142
"42091206704",2573,2501,72
"42091206801",2786,2363,423
"42091206802",1076,946,130
"42091206901",1900,1074,826
"42091206904",2675,1426,1249
"42091206905",1668,1494,174
"42091206906",1305,985,320
"42091207001",3114,2661,453
"42091207003",1319,831,488
"42091207004",1667,1277,390
"42091207101",2121,1688,433
"42091207103",1790,1648,142
"42091207104",1209,981,228
"42091207201",976,601,375
"42091207202",1778,992,786
"42091207300",919,638,281
"42091207400",1095,1026,69
"42091207500",1163,1096,67
"42091207600",1424,1161,263
"42091207800",3166,2943,223
"42091207900",1121,764,357
"42091208000",1354,950,404
"42091208100",1135,647,488
"42091208201",754,676,78
"42091208203",1964,1531,433
"42091208204",1090,979,111
"42091208301",1064,1037,27
"42091208303",1733,1718,15
"42091208304",1869,1852,17
"42091208400",1453,1112,341
"42091208500",1917,1561,356
"42091208601",2862,2633,229
"42091208603",2390,2059,331
"42091208604",2493,1789,704
"42091208702",1150,1128,22
"42091208703",1519,1196,323
"42091208704",1615,1005,610
"42091208801",632,250,382
"42091208802",1415,610,805
"42091208901",1642,929,713
"42091208903",1181,749,432
"42091208904",1408,382,1026
"42091208905",1120,834,286
"42091208906",1682,865,817
"42091209000",663,285,378
"42091209100",2132,1848,284
"42091209201",688,443,245
"42091209202",874,585,289
"42091210100",1627,1385,242
"42091210200",1108,1057,51
"42091210300",1782,1143,639
"42091210400",1866,1531,335
"42091210500",1551,1288,263
"42091210600",1706,1303,403
"42091210700",2010,1896,114
"42101000101",1413,444,969
"42101000102",1960,708,1252
"42101000200",1686,874,812
"42101000300",2347,413,1934
"42101000401",1957,640,1317
"42101000403",716,433,283
"42101000404",2292,1022,1270
"42101000500",1269,118,1151
"42101000600",1028,9,1019
"42101000701",1367,344,1023
"42101000702",1493,258,1235
"42101000801",1001,324,677
"42101000803",2019,779,1240
"42101000805",1892,470,1422
"42101000806",1655,399,1256
"42101000901",1639,157,1482
"42101000902",1365,246,1119
"42101001001",1641,994,647
"42101001002",2211,1556,655
"42101001101",2525,575,1950
"42101001102",1521,777,744
"42101001201",2126,919,1207
"42101001203",1213,307,906
"42101001204",1919,525,1394
"42101001301",812,547,265
"42101001302",1994,1007,987
"42101001400",2065,1043,1022
"42101001500",1507,893,614
"42101001600",1232,643,589
"42101001700",1427,889,538
"42101001800",1727,949,778
"42101001900",1744,914,830
"42101002000",1182,713,469
"42101002100",995,599,396
"42101002200",1171,577,594
"42101002300",1260,640,620
"42101002400",2543,1381,1162
"42101002500",2017,1164,853
"42101002701",1926,1185,741
"42101002702",1950,1300,650
"42101002801",1654,758,896
"42101002802",2396,1469,927
"42101002900",2153,1353,800
"42101003001",1643,969,674
"42101003002",1541,840,701
"42101003100",2280,1345,935
"42101003200",1741,1074,667
"42101003300",2626,939,1687
"42101003600",2541,1316,1225
"42101003701",2319,1475,844
"42101003702",1279,789,490
"42101003800",1658,1340,318
"42101003901",2959,1311,1648
"42101003902",2384,1757,627
"42101004001",2013,1036,977
"42101004002",2327,1741,586
"42101004101",1995,1330,665
"42101004103",1373,795,578
"42101004104",1372,720,652
"42101004201",2068,1564,504
"42101004202",2037,1480,557
"42101005400",748,277,471
"42101005500",2754,1666,1088
"42101005600",673,71,602
"42101006000",2489,1405,1084
"42101006100",1217,905,312
"42101006200",1565,724,841
"42101006300",1659,537,1122
"42101006400",1646,1031,615
"42101006500",1698,800,898
"42101006600",1482,458,1024
"42101006700",3024,1175,1849
"42101007000",1544,731,813
"42101007101",804,351,453
"42101007102",1775,999,776
"42101007200",1799,825,974
"42101007300",1457,766,691
"42101007400",1851,820,1031
"42101007700",722,81,641
"42101007800",2175,506,1669
"42101007900",2056,887,1169
"42101008000",1787,850,937
"42101008101",980,573,407
"42101008102",2136,1246,890
"42101008200",3070,2139,931
"42101008301",1681,638,1043
"42101008302",1971,846,1125
"42101008400",1825,1069,756
"42101008500",3067,1181,1886
"42101008601",1537,383,1154
"42101008602",1624,270,1354
"42101008701",1866,275,1591
"42101008702",1688,146,1542
"42101008801",398,0,398
"42101008802",1577,97,1480
"42101009000",1412,155,1257
"42101009100",1747,166,1581
"42101009200",1441,535,906
"42101009300",2201,1238,963
"42101009400",1765,557,1208
"42101009500",1575,654,921
"42101009600",1464,775,689
"42101009801",1056,646,410
"42101009802",2081,1501,580
"42101010000",1806,1080,726
"42101010100",2570,1268,1302
"42101010200",1473,533,940
"42101010300",1017,474,543
"42101010400",1550,534,1016
"42101010500",1562,579,983
"42101010600",678,145,533
"42101010700",1150,433,717
"42101010800",1943,613,1330
"42101010900",1076,259,817
"42101011000",1421,466,955
"42101011100",1451,773,678
"42101011200",1889,947,942
"42101011300",1382,919,463
"42101011400",3250,1649,1601
"42101011500",1730,1453,277
"42101011700",366,295,71
"42101011800",2094,1797,297
"42101011900",2339,1197,1142
"42101012000",631,261,370
"42101012100",1596,398,1198
"42101012201",2052,0,2052
"42101012203",736,0,736
"42101012204",1912,947,965
"42101012501",1188,0,1188
"42101012502",2647,440,2207
"42101013100",874,132,742
"42101013200",1583,339,1244
"42101013300",1911,353,1558
"42101013401",1864,1160,704
"42101013402",1901,514,1387
"42101013500",1722,1161,561
"42101013601",1559,979,580
"42101013602",1981,1007,974
"42101013701",957,424,533
"42101013702",1938,1042,896
"42101013800",930,357,573
"42101013900",1221,322,899
"42101014000",2308,411,1897
"42101014100",1380,278,1102
"42101014201",1609,669,940
"42101014202",1389,522,867
"42101014300",957,568,389
"42101014400",2671,1400,1271
"42101014500",920,237,683
"42101014600",1200,403,797
"42101014700",1375,151,1224
"42101014800",510,80,430
"42101014900",2086,928,1158
"42101015101",797,362,435
"42101015102",1837,564,1273
"42101015200",2283,783,1500
"42101015300",1490,354,1136
"42101015600",608,233,375
"42101015700",1240,787,453
"42101015800",3251,1830,1421
"42101016001",1203,893,310
"42101016002",2190,1442,748
"42101016100",2768,1318,1450
"42101016200",712,314,398
"42101016300",853,368,485
"42101016400",1698,484,1214
"42101016500",1029,316,713
"42101016600",714,201,513
"42101016701",1490,809,681
"42101016702",1003,447,556
"42101016800",1517,864,653
"42101016901",1203,634,569
"42101016902",2018,891,1127
"42101017000",1481,309,1172
"42101017100",1582,929,653
"42101017201",1504,995,509
"42101017202",1683,1100,583
"42101017300",1164,272,892
"42101017400",1035,534,501
"42101017500",2559,1318,1241
"42101017601",1786,826,960
"42101017602",1240,458,782
"42101017701",1189,333,856
"42101017702",1573,873,700
"42101017800",2793,1361,1432
"42101017900",2681,1421,1260
"42101018001",1108,752,356
"42101018002",2307,1737,570
"42101018300",1604,1468,136
"42101018400",897,786,111
"42101018801",1107,450,657
"42101018802",1085,367,718
"42101019000",2356,1502,854
"42101019100",2750,2358,392
"42101019200",2659,1190,1469
"42101019501",1877,680,1197
"42101019502",1150,731,419
"42101019700",2214,1221,993
"42101019800",2178,1411,767
"42101019900",1823,480,1343
"42101020000",474,145,329
"42101020101",1734,493,1241
"42101020102",1593,1004,589
"42101020200",1953,1104,849
"42101020300",1193,702,491
"42101020400",1244,867,377
"42101020500",1683,644,1039
"42101020600",984,257,727
"42101020701",2059,1143,916
"42101020702",684,413,271
"42101020800",1453,558,895
"42101020900",1497,662,835
"42101021000",2602,1287,1315
"42101021100",1299,903,396
"42101021200",1263,867,396
"42101021300",1617,901,716
"42101021400",1944,760,1184
"42101021500",2059,1258,801
"42101021600",1200,371,829
"42101021700",2607,2094,513
"42101021800",2542,642,1900
"42101021900",679,601,78
"42101022000",741,418,323
"42101023100",569,423,146
"42101023500",596,383,213
"42101023600",1114,734,380
"42101023700",2406,1078,1328
"42101023800",2195,855,1340
"42101023900",1191,130,1061
"42101024000",2070,733,1337
"42101024100",673,130,543
"42101024200",1785,651,1134
"42101024300",1885,896,989
"42101024400",1086,676,410
"42101024500",1721,669,1052
"42101024600",1148,377,771
"42101024700",1674,876,798
"42101024800",761,570,191
"42101024900",1087,730,357
"42101025200",3518,1411,2107
"42101025300",2125,1271,854
"42101025400",1889,1193,696
"42101025500",1186,853,333
"42101025600",1170,819,351
"42101025700",2094,612,1482
"42101025800",856,727,129
"42101025900",1985,1639,346
"42101026000",1311,978,333
"42101026100",1345,912,433
"42101026200",1737,1484,253
"42101026301",1575,1438,137
"42101026302",1968,1403,565
"42101026400",2269,1607,662
"42101026500",1729,1254,475
"42101026600",2693,1974,719
"42101026700",2642,1997,645
"42101026800",1991,658,1333
"42101026900",762,449,313
"42101027000",994,643,351
"42101027100",1037,749,288
"42101027200",1907,1313,594
"42101027300",2291,1398,893
"42101027401",1152,409,743
"42101027402",2471,2146,325
"42101027500",1667,1268,399
"42101027600",1894,924,970
"42101027700",2431,1537,894
"42101027800",2065,754,1311
"42101027901",1430,811,619
"42101027902",1178,442,736
"42101028000",1732,1088,644
"42101028100",1823,1352,471
"42101028200",2270,1120,1150
"42101028300",2539,1258,1281
"42101028400",1324,705,619
"42101028500",1112,653,459
"42101028600",2602,1527,1075
"42101028700",766,383,383
"42101028800",1688,1167,521
"42101028901",1246,898,348
"42101028902",2047,1463,584
"42101029000",2107,1378,729
"42101029100",1742,559,1183
"42101029200",1395,1207,188
"42101029300",1393,828,565
"42101029400",1343,615,728
"42101029800",1947,1144,803
"42101029900",1465,664,801
"42101030000",2729,1590,1139
"42101030100",2517,1186,1331
"42101030200",2778,1708,1070
"42101030501",1762,1065,697
"42101030502",1835,1469,366
"42101030600",2930,1753,1177
"42101030700",1961,625,1336
"42101030800",1940,1502,438
"42101030900",1492,812,680
"42101031000",2137,1352,785
"42101031101",1770,807,963
"42101031102",1335,685,650
"42101031200",1810,816,994
"42101031300",2307,898,1409
"42101031401",2064,896,1168
"42101031402",1797,969,828
"42101031501",2320,1327,993
"42101031502",1324,729,595
"42101031600",2146,1490,656
"42101031700",2410,1672,738
"42101031800",1847,1193,654
"42101031900",1855,1151,704
"42101032000",2566,1600,966
"42101032100",1702,739,963
"42101032300",1550,822,728
"42101032500",2558,1405,1153
"42101032600",2801,2193,608
"42101032900",1894,1057,837
"42101033000",3204,1918,1286
"42101033101",1714,1239,475
"42101033102",1570,815,755
"42101033200",1075,837,238
"42101033300",1607,937,670
"42101033400",2063,1127,936
"42101033500",1512,772,740
"42101033600",2609,1282,1327
"42101033701",2481,891,1590
"42101033702",1785,1188,597
"42101033800",2536,1400,1136
"42101033900",1440,758,682
"42101034000",1223,1070,153
"42101034100",2685,1418,1267
"42101034200",1720,654,1066
"42101034400",3023,2809,214
"42101034501",2382,339,2043
"42101034502",2360,979,1381
"42101034600",1328,337,991
"42101034701",2765,2028,737
"42101034702",1385,1256,129
"42101034801",2097,1153,944
"42101034802",2393,1351,1042
"42101034803",1651,1325,326
"42101034900",2235,1381,854
"42101035100",2122,1560,562
"42101035200",2200,1912,288
"42101035301",2115,1410,705
"42101035302",1774,1185,589
"42101035500",3028,2242,786
"42101035601",2308,1606,702
"42101035602",1283,1104,179
"42101035701",1879,626,1253
"42101035702",1854,690,1164
"42101035800",2361,1628,733
"42101035900",2220,1404,816
"42101036000",1278,736,542
"42101036100",1663,836,827
"42101036201",1943,1389,554
"42101036202",2431,1843,588
"42101036203",1860,1672,188
"42101036301",1467,1100,367
"42101036302",1346,874,472
"42101036303",2311,2129,182
"42101036400",314,294,20
"42101036501",2224,1245,979
"42101036502",1748,1318,430
"42101036600",1186,547,639
"42101036700",1755,878,877
"42101036902",957,0,957
"42101037200",1689,1270,419
"42101037300",2933,1630,1303
"42101037500",1397,773,624
"42101037600",1750,498,1252
"42101037700",1572,236,1336
"42101037800",1186,616,570
"42101037900",2380,1743,637
"42101038000",786,551,235
"42101038100",329,134,195
"42101038200",1234,885,349
"42101038301",703,317,386
"42101038400",1024,833,191
"42101038500",918,524,394
"42101038600",582,456,126
"42101038700",829,640,189
"42101038800",1785,1110,675
"42101038900",1320,837,483
"42101039001",1269,512,757
"42101039002",1721,1560,161
"42101039100",1162,113,1049
"42101980100",75,64,11
"42101980200",13,13,0
"34005700102",948,811,137
"34005700103",1489,1108,381
"34005700104",763,470,293
"34005700200",1028,781,247
"34005700303",1649,1102,547
"34005700304",833,785,48
"34005700305",1754,1571,183
"34005700306",914,908,6
"34005700307",963,957,6
"34005700401",754,650,104
"34005700402",1368,1167,201
"34005700403",1552,1126,426
"34005700405",637,527,110
"34005700407",2719,321,2398
"34005700408",1650,187,1463
"34005700501",2181,1760,421
"34005700502",899,798,101
"34005700503",1251,1088,163
"34005700504",1159,988,171
"34005700505",2184,1952,232
"34005700602",2350,2041,309
"34005700603",2588,1384,1204
"34005700605",1884,1475,409
"34005700701",1199,718,481
"34005700702",815,424,391
"34005700703",963,457,506
"34005700800",2128,1548,580
"34005700900",833,650,183
"34005701001",2048,1271,777
"34005701002",1336,1143,193
"34005701102",2406,1623,783
"34005701103",2415,2149,266
"34005701104",1695,1223,472
"34005701105",2215,1706,509
"34005701201",1015,910,105
"34005701203",753,503,250
"34005701204",1190,486,704
"34005701205",809,520,289
"34005701301",1758,1107,651
"34005701302",1224,1104,120
"34005701303",1918,1799,119
"34005701401",2284,2152,132
"34005701402",1307,1255,52
"34005701502",1572,1110,462
"34005701700",1849,959,890
"34005702101",1280,27,1253
"34005702203",1480,863,617
"34005702204",747,470,277
"34005702206",625,420,205
"34005702207",1321,1054,267
"34005702208",2374,2247,127
"34005702209",1137,984,153
"34005702210",1617,1228,389
"34005702300",539,364,175
"34005702400",1210,1159,51
"34005702500",2675,1723,952
"34005702601",1579,1307,272
"34005702603",778,310,468
"34005702701",1075,809,266
"34005702702",2224,2157,67
"34005702801",749,607,142
"34005702802",947,886,61
"34005702803",1351,1230,121
"34005702804",1013,875,138
"34005702805",1182,986,196
"34005702806",1048,883,165
"34005702807",1141,725,416
"34005702808",1011,771,240
"34005702809",958,559,399
"34005702810",503,397,106
"34005702811",788,724,64
"34005702905",1927,1330,597
"34005702906",574,534,40
"34005702907",1187,1142,45
"34005702908",2063,1897,166
"34005702909",2595,2016,579
"34005702910",2252,1847,405
"34005702913",2566,1497,1069
"34005702914",1784,1438,346
"34005702915",1871,1231,640
"34005702917",1079,810,269
"34005702918",1006,707,299
"34005703000",2459,2256,203
"34005703102",953,853,100
"34005703103",1983,1097,886
"34005703104",1876,1676,200
"34005703201",1232,1131,101
"34005703202",1017,964,53
"34005703203",2183,2129,54
"34005703600",2652,2559,93
"34005703700",2231,2149,82
"34005703801",2697,2352,345
"34005703802",2306,1612,694
"34005703803",1704,1597,107
"34005703804",2360,2310,50
"34005703900",1467,1378,89
"34005704004",1988,690,1298
"34005704005",1527,1114,413
"34005704006",1036,751,285
"34005704007",1499,765,734
"34005704008",2142,1604,538
"34005704009",1981,1093,888
"34005704011",1071,1032,39
"34005704012",2623,2200,423
"34005704013",1838,1809,29
"34005704015",1785,1297,488
"34005704016",1607,1464,143
"34005704201",2140,1708,432
"34005704202",1013,630,383
"34005704302",2322,2206,116
"34005704500",1697,1215,482
"34005704600",1239,601,638
"34005704700",1035,852,183
"34005704801",921,216,705
"34005981802",16,16,0
"34005982111",153,0,153
"34005982200",196,0,196
"34007600200",616,282,334
"34007600400",1058,330,728
"34007600700",444,254,190
"34007600800",1725,350,1375
"34007600900",1222,286,936
"34007601000",1671,993,678
"34007601101",849,333,516
"34007601102",1456,888,568
"34007601200",2000,997,1003
"34007601300",1665,737,928
"34007601400",1442,542,900
"34007601500",2300,522,1778
"34007601600",950,207,743
"34007601700",1122,178,944
"34007601800",368,257,111
"34007601900",990,412,578
"34007602000",2176,943,1233
"34007602503",826,647,179
"34007602601",987,834,153
"34007602602",1059,612,447
"34007602901",2000,1858,142
"34007602902",1192,802,390
"34007603001",1416,1194,222
"34007603002",1371,1122,249
"34007603100",1473,884,589
"34007603201",1781,1149,632
"34007603202",1294,624,670
"34007603301",2263,1648,615
"34007603302",2266,2038,228
"34007603303",1233,587,646
"34007603400",3107,2189,918
"34007603501",2433,1857,576
"34007603503",1608,1481,127
"34007603504",1051,1009,42
"34007603505",1350,1306,44
"34007603506",2112,1965,147
"34007603507",2931,2251,680
"34007603601",1785,1531,254
"34007603602",888,852,36
"34007603603",967,958,9
"34007603700",1581,1047,534
"34007603800",2354,2007,347
"34007603901",2173,1538,635
"34007603902",1885,714,1171
"34007604100",834,430,404
"34007604200",1530,810,720
"34007604300",1804,1186,618
"34007604400",1420,1138,282
"34007604600",1038,541,497
"34007604700",691,566,125
"34007605100",861,678,183
"34007605200",938,717,221
"34007605300",853,685,168
"34007605400",1133,695,438
"34007605602",1086,801,285
"34007605700",1293,968,325
"34007605800",1208,1068,140
"34007605900",1046,857,189
"34007606000",878,514,364
"34007606100",820,691,129
"34007606200",1478,1241,237
"34007606300",951,672,279
"34007606400",988,955,33
"34007606500",1146,780,366
"34007606600",1205,661,544
"34007606700",2172,1161,1011
"34007606800",1632,1347,285
"34007607000",1962,1016,946
"34007607100",1297,1186,111
"34007607200",1867,976,891
"34007607300",1784,1264,520
"34007607401",1157,834,323
"34007607402",1111,884,227
"34007607502",2257,2021,236
"34007607503",2183,1819,364
"34007607504",1188,1178,10
"34007607505",1415,1399,16
"34007607506",1419,602,817
"34007607507",3540,710,2830
"34007607600",782,711,71
"34007607701",2849,751,2098
"34007607702",2099,1003,1096
"34007607801",3198,833,2365
"34007607802",881,657,224
"34007607900",680,547,133
"34007608001",1390,830,560
"34007608202",1504,1004,500
"34007608205",1588,1310,278
"34007608206",1273,1199,74
"34007608209",1410,879,531
"34007608210",1681,482,1199
"34007608211",2319,1483,836
"34007608302",2168,1159,1009
"34007608303",1062,789,273
"34007608304",2899,2154,745
"34007608401",1212,1168,44
"34007608402",1342,1321,21
"34007608403",1981,1460,521
"34007608404",2565,2366,199
"34007608503",1152,473,679
"34007608504",1745,860,885
"34007608600",2268,1134,1134
"34007608700",2835,2247,588
"34007608800",2266,1527,739
"34007608901",2159,1702,457
"34007608903",1028,999,29
"34007608904",638,627,11
"34007609000",487,422,65
"34007609103",2215,1443,772
"34007609201",2018,1522,496
"34007609202",1811,1288,523
"34007609204",1282,817,465
"34007609205",2255,1706,549
"34007609206",1639,1424,215
"34007609207",1685,1583,102
"34007610300",1075,141,934
"34007610400",1243,423,820
"34007610500",2213,1644,569
"34007610600",743,65,678
"34007610800",1015,766,249
"34007610900",1493,699,794
"34007611000",2262,1022,1240
"34007611100",1240,613,627
"34007611200",1646,1273,373
"34007611300",1485,1090,395
"34007611400",1542,1389,153
"34007611500",1664,1496,168
"34007611600",2093,539,1554
"34007611700",1052,730,322
"34015500100",1910,1131,779
"34015500201",865,850,15
"34015500202",1802,1377,425
"34015500203",2145,1575,570
"34015500204",2683,1439,1244
"34015500205",1559,1131,428
"34015500300",1049,918,131
"34015500400",2467,1784,683
"34015500500",1958,1642,316
"34015500601",2838,2736,102
"34015500602",1278,1239,39
"34015500702",2135,1997,138
"34015500703",557,509,48
"34015500704",1279,1020,259
"34015500705",1682,1551,131
"34015500800",796,726,70
"34015500900",1106,1052,54
"34015501001",856,586,270
"34015501002",1600,785,815
"34015501003",1654,1360,294
"34015501101",1879,1129,750
"34015501102",2725,1630,1095
"34015501103",1766,1629,137
"34015501104",1028,865,163
"34015501105",1238,648,590
"34015501106",1458,1350,108
"34015501107",1659,1424,235
"34015501201",1851,1825,26
"34015501202",1567,1507,60
"34015501203",1394,1309,85
"34015501204",1310,1273,37
"34015501205",1351,850,501
"34015501206",1819,1082,737
"34015501208",1915,1710,205
"34015501209",2497,1676,821
"34015501210",1212,1198,14
"34015501212",1332,1140,192
"34015501213",1752,1337,415
"34015501301",1503,1164,339
"34015501302",1085,727,358
"34015501303",1082,731,351
"34015501402",1166,426,740
"34015501403",2087,1454,633
"34015501404",635,229,406
"34015501405",1631,1377,254
"34015501406",2002,1088,914
"34015501501",1409,977,432
"34015501502",1779,1367,412
"34015501603",2680,2199,481
"34015501604",2430,1974,456
"34015501605",1687,1483,204
"34015501606",2413,2159,254
"34015501608",2441,1937,504
"34015501609",1850,1531,319
"34015501701",1786,1689,97
"34015501702",995,840,155
"34015501703",1510,1330,180
"34015501704",1398,1168,230
"34015501800",637,594,43
"34015501900",1436,1324,112
"34015502001",2121,1909,212
"34015502002",2060,2005,55
"34015502100",1128,1060,68
"34015502201",944,910,34
"34015502202",1232,753,479
"34015502203",1139,872,267
"34015502204",708,676,32
"34015502300",909,597,312
"34015502400",2141,2101,40
"34033020100",594,514,80
"34033020200",618,286,332
"34033020300",986,199,787
"34033020400",1051,545,506
"34033020500",1337,975,362
"34033020600",1266,950,316
"34033020700",1439,1221,218
"34033020800",1523,964,559
"34033020900",1094,1000,94
"34033021000",437,278,159
"34033021101",1652,1467,185
"34033021102",1635,1264,371
"34033021201",1208,1046,162
"34033021202",1074,827,247
"34033021300",442,408,34
"34033021400",1406,1116,290
"34033021500",658,563,95
"34033021600",2159,1742,417
"34033021700",967,608,359
"34033021900",684,229,455
"34033022000",786,223,563
"34033022100",702,282,420
"34033022201",675,491,184
"34033022202",351,276,75
"24015030100",2132,1811,321
"24015030200",2254,1959,295
"24015030400",2047,750,1297
"24015030501",1441,1296,145
"24015030503",2212,1084,1128
"24015030505",1335,1039,296
"24015030507",1661,622,1039
"24015030508",1706,1270,436
"24015030601",1511,1390,121
"24015030602",2033,1342,691
"24015030700",1764,1618,146
"24015030903",2233,1266,967
"24015030904",3005,2828,177
"24015030905",934,851,83
"24015030907",1739,1229,510
"24015030908",2027,1724,303
"24015031201",2237,1949,288
"24015031202",1948,1355,593
"24015031301",1209,1132,77
"24015031302",2311,1645,666
"24015031400",1599,1400,199
"10003000200",2185,1496,689
"10003000300",1276,795,481
"10003000400",1503,666,837
"10003000500",1377,602,775
"10003000601",922,416,506
"10003000602",1167,407,760
"10003000900",938,328,610
"10003001100",2452,768,1684
"10003001200",1019,377,642
"10003001300",1843,1648,195
"10003001400",1013,548,465
"10003001500",1064,510,554
"10003001600",945,303,642
"10003001902",994,280,714
"10003002100",824,207,617
"10003002200",786,359,427
"10003002300",1045,402,643
"10003002400",2105,1067,1038
"10003002500",1551,1031,520
"10003002600",1556,591,965
"10003002700",1341,670,671
"10003002800",1388,230,1158
"10003002900",1690,408,1282
"10003003002",666,176,490
"10003010104",1756,492,1264
"10003010105",956,394,562
"10003010106",937,62,875
"10003010200",745,688,57
"10003010300",1631,1158,473
"10003010400",1915,1299,616
"10003010502",2624,1871,753
"10003010703",764,492,272
"10003010704",1954,984,970
"10003010800",1858,1355,503
"10003010900",1216,1207,9
"10003011000",1269,1234,35
"10003011100",1182,990,192
"10003011201",990,536,454
"10003011202",1536,1482,54
"10003011203",2099,1179,920
"10003011204",1367,1193,174
"10003011205",860,827,33
"10003011206",1544,1368,176
"10003011300",1050,804,246
"10003011400",1194,1056,138
"10003011500",1323,1188,135
"10003011600",1220,1010,210
"10003011700",1878,1795,83
"10003011800",2168,1197,971
"10003011900",1209,994,215
"10003012000",1614,1359,255
"10003012100",1298,746,552
"10003012200",1943,1183,760
"10003012300",1166,633,533
"10003012400",1601,1327,274
"10003012500",2160,1558,602
"10003012600",1161,976,185
"10003012700",1902,1403,499
"10003012900",1751,909,842
"10003013000",773,722,51
"10003013100",846,682,164
"10003013200",1174,665,509
"10003013300",764,707,57
"10003013400",999,849,150
"10003013501",2589,2314,275
"10003013505",1490,1110,380
"10003013506",1602,1577,25
"10003013507",597,569,28
"10003013508",2118,1992,126
"10003013604",1597,1331,266
"10003013607",2856,1918,938
"10003013608",832,530,302
"10003013610",2021,1540,481
"10003013611",2509,1507,1002
"10003013612",1952,1740,212
"10003013613",2282,1815,467
"10003013614",1186,772,414
"10003013615",1646,1333,313
"10003013700",1569,724,845
"10003013800",2639,1527,1112
"10003013901",1167,817,350
"10003013903",1663,1500,163
"10003013905",1532,596,936
"10003013906",1881,1141,740
"10003014000",1955,939,1016
"10003014100",1780,1139,641
"10003014200",716,560,156
"10003014301",539,524,15
"10003014302",996,810,186
"10003014402",1151,735,416
"10003014403",1414,592,822
"10003014404",1496,911,585
"10003014501",878,0,878
"10003014502",895,145,750
"10003014702",618,536,82
"10003014703",2148,1035,1113
"10003014705",2138,1361,777
"10003014706",1086,586,500
"10003014803",1692,1329,363
"10003014808",2319,1682,637
"10003014809",3114,2469,645
"10003014810",2560,1960,600
"10003014811",2401,2250,151
"10003014812",1582,1463,119
"10003014813",2333,1349,984
"10003014814",1488,1330,158
"10003014903",2908,1653,1255
"10003014904",2358,1205,1153
"10003014906",1999,908,1091
"10003014907",2104,1565,539
"10003014908",1295,348,947
"10003014909",2425,1216,1209
"10003015000",1841,1173,668
"10003015100",1416,1213,203
"10003015200",2301,1661,640
"10003015400",1112,847,265
"10003015502",959,701,258
"10003015600",738,574,164
"10003015802",737,678,59
"10003015900",1232,1090,142
"10003016000",945,662,283
"10003016100",1089,791,298
"10003016200",1381,653,728
"10003016301",2774,2022,752
"10003016306",1677,1338,339
"10003016307",942,942,0
"10003016308",1598,761,837
"10003016309",1593,905,688
"10003016401",2216,2077,139
"10003016404",1108,847,261
"10003016608",2372,2259,113
"10003016609",1558,1534,24
"10003016610",3145,1909,1236
"10003016611",2796,2581,215
"10003016612",2515,2451,64
"10003016613",1841,1178,663
"10003016614",2176,1835,341
"10003016805",588,489,99
"10003016806",1665,1567,98
"10003016807",480,458,22
"10003016808",2218,2106,112
"10003016901",743,703,40
"10003016904",518,428,90
